コード,銘柄名,市場
1301-T,極洋,東証1部
1332-T,日水,東証1部
1333-T,マルハニチロ,東証1部
1352-T,ホウスイ,東証1部
1376-T,カネコ種,東証1部
1377-T,サカタのタネ,東証1部
1379-T,ホクト,東証1部
1384-T,ホクリヨウ,東証1部
1414-T,ショーボンド,東証1部
1417-T,ミライトHD,東証1部
1419-T,タマホーム,東証1部
1420-T,サンヨーH,東証1部
1430-T,ファーストコポ,東証1部
1435-T,インベスターC,東証1部
1514-T,住石HD,東証1部
1515-T,日鉄鉱,東証1部
1518-T,三井松,東証1部
1605-T,国際帝石,東証1部
1606-T,海洋掘削,東証1部
1662-T,石油資源,東証1部
1663-T,K&Oエナジー,東証1部
1712-T,ダイセキソリュ,東証1部
1719-T,安藤ハザマ,東証1部
1720-T,東急建設,東証1部
1721-T,コムシスHD,東証1部
1722-T,MISAWA,東証1部
1726-T,BRHD,東証1部
1762-T,高松G,東証1部
1766-T,東建コーポ,東証1部
1768-T,ソネック,東証1部
1780-T,ヤマウラ,東証1部
1801-T,大成建,東証1部
1802-T,大林組,東証1部
1803-T,清水建,東証1部
1805-T,飛島建,東証1部
1808-T,長谷工,東証1部
1810-T,松井建,東証1部
1811-T,銭高組,東証1部
1812-T,鹿島,東証1部
1813-T,不動テトラ,東証1部
1814-T,大末建,東証1部
1815-T,鉄建建設,東証1部
1820-T,西松建,東証1部
1821-T,三住建設,東証1部
1822-T,大豊建,東証1部
1824-T,前田建,東証1部
1826-T,佐田建,東証1部
1827-T,ナカノフドー,東証1部
1833-T,奥村組,東証1部
1835-T,東鉄工,東証1部
1847-T,イチケン,東証1部
1852-T,浅沼組,東証1部
1860-T,戸田建,東証1部
1861-T,熊谷組,東証1部
1865-T,青木あす,東証1部
1866-T,北野建,東証1部
1867-T,植木組,東証1部
1868-T,三井ホーム,東証1部
1870-T,矢作建,東証1部
1871-T,PS三菱,東証1部
1873-T,日ハウスHD,東証1部
1878-T,大東建,東証1部
1879-T,新日建,東証1部
1881-T,NIPPO,東証1部
1882-T,東亜道,東証1部
1883-T,前田道,東証1部
1884-T,日道路,東証1部
1885-T,東亜建,東証1部
1888-T,若築建,東証1部
1890-T,東洋建,東証1部
1893-T,五洋建,東証1部
1896-T,大林道,東証1部
1898-T,世紀東,東証1部
1899-T,福田組,東証1部
1909-T,日本ドライ,東証1部
1911-T,住友林,東証1部
1914-T,日基礎,東証1部
1916-T,日ビルド,東証1部
1919-T,ヤマダSXL,東証1部
1921-T,巴コーポ,東証1部
1924-T,パナホーム,東証1部
1925-T,大和ハウス,東証1部
1926-T,ライト工,東証1部
1928-T,積水ハウス,東証1部
1929-T,日特建,東証1部
1930-T,北電事,東証1部
1934-T,ユアテック,東証1部
1937-T,西電工,東証1部
1939-T,四電工,東証1部
1941-T,中電工,東証1部
1942-T,関電工,東証1部
1944-T,きんでん,東証1部
1945-T,東京エネシス,東証1部
1946-T,トーエネク,東証1部
1949-T,住電設,東証1部
1950-T,日本電設,東証1部
1951-T,協エクシオ,東証1部
1952-T,日空調,東証1部
1954-T,日工営,東証1部
1956-T,NDS,東証1部
1959-T,九電工,東証1部
1961-T,三機工,東証1部
1963-T,日揮,東証1部
1964-T,中外炉,東証1部
1967-T,ヤマト,東証1部
1968-T,太平電,東証1部
1969-T,高砂熱,東証1部
1972-T,三晃金,東証1部
1973-T,NESIC,東証1部
1975-T,朝日工,東証1部
1976-T,明星工,東証1部
1979-T,大気社,東証1部
1980-T,ダイダン,東証1部
1982-T,日比谷,東証1部
1983-T,東芝プラ,東証1部
2001-T,日本粉,東証1部
2002-T,日清粉G,東証1部
2003-T,日東富士,東証1部
2004-T,昭和産,東証1部
2009-T,鳥越粉,東証1部
2053-T,中部飼,東証1部
2060-T,フィード･ワン,東証1部
2107-T,東洋糖,東証1部
2108-T,甜菜糖,東証1部
2109-T,三井製糖,東証1部
2112-T,塩水糖,東証1部
2117-T,日新製糖,東証1部
2120-T,ネクスト,東証1部
2124-T,JACR,東証1部
2127-T,M&A,東証1部
2139-T,中広,東証1部
2151-T,タケエイ,東証1部
2154-T,トラスト･テック,東証1部
2157-T,コシダカHD,東証1部
2168-T,パソナ,東証1部
2169-T,CDS,東証1部
2170-T,LINK&M,東証1部
2174-T,GCA,東証1部
2175-T,SMS,東証1部
2181-T,テンプHD,東証1部
2183-T,リニカル,東証1部
2193-T,COOK,東証1部
2196-T,エスクリ,東証1部
2198-T,アイ･ケイ･ケイ,東証1部
2201-T,森永菓,東証1部
2204-T,中村屋,東証1部
2206-T,グリコ,東証1部
2207-T,名糖産,東証1部
2211-T,不二家,東証1部
2212-T,山崎パン,東証1部
2215-T,第一パン,東証1部
2217-T,モロゾフ,東証1部
2220-T,亀田菓,東証1部
2222-T,寿スピリッツ,東証1部
2229-T,カルビー,東証1部
2264-T,森永乳,東証1部
2266-T,六甲バタ,東証1部
2267-T,ヤクルト,東証1部
2269-T,明治HD,東証1部
2270-T,雪印メグ,東証1部
2281-T,プリマハム,東証1部
2282-T,日本ハム,東証1部
2286-T,林兼産,東証1部
2288-T,丸大食,東証1部
2292-T,SFoods,東証1部
2296-T,伊藤米久,東証1部
2301-T,学情,東証1部
2305-T,スタジオアリス,東証1部
2309-T,シミックHD,東証1部
2317-T,システナ,東証1部
2325-T,NJS,東証1部
2326-T,デジアーツ,東証1部
2327-T,NSSOL,東証1部
2331-T,ALSOK,東証1部
2335-T,キューブシス,東証1部
2337-T,いちご,東証1部
2353-T,日駐,東証1部
2359-T,コア,東証1部
2371-T,カカクコム,東証1部
2372-T,アイロムG,東証1部
2374-T,セントケアHD,東証1部
2376-T,サイネックス,東証1部
2378-T,ルネサンス,東証1部
2379-T,ディップ,東証1部
2384-T,SBSHD,東証1部
2389-T,オプトHD,東証1部
2395-T,新日科学,東証1部
2398-T,ツクイ,東証1部
2410-T,キャリアDC,東証1部
2413-T,エムスリー,東証1部
2418-T,ツカダGHD,東証1部
2427-T,アウトソシング,東証1部
2428-T,ウェルネット,東証1部
2429-T,ワールドHD,東証1部
2432-T,DeNA,東証1部
2433-T,博報堂DY,東証1部
2440-T,ぐるなび,東証1部
2445-T,SRGタカミヤ,東証1部
2453-T,JBR,東証1部
2461-T,ファンコミ,東証1部
2462-T,ライク,東証1部
2464-T,BBT,東証1部
2475-T,WDB,東証1部
2485-T,ティア,東証1部
2487-T,CDG,東証1部
2491-T,Vコマース,東証1部
2492-T,インフォマート,東証1部
2501-T,サッポロHD,東証1部
2502-T,アサヒ,東証1部
2503-T,キリンHD,東証1部
2531-T,宝HD,東証1部
2533-T,オエノンHD,東証1部
2540-T,養命酒,東証1部
2579-T,コカウエスト,東証1部
2587-T,サントリーBF,東証1部
2590-T,DyDo,東証1部
25935-T,伊藤園1P,東証1部
2593-T,伊藤園,東証1部
2594-T,キーコーヒー,東証1部
2597-T,ユニカフェ,東証1部
2599-T,ジャパンF,東証1部
2602-T,日清オイリオ,東証1部
2607-T,不二製油,東証1部
2612-T,かどや,東証1部
2613-T,Jオイル,東証1部
2651-T,ローソン,東証1部
2659-T,サンエー,東証1部
2664-T,カワチ薬品,東証1部
2670-T,ABCマート,東証1部
2674-T,ハードオフ,東証1部
2676-T,高千穂交,東証1部
2678-T,アスクル,東証1部
2681-T,ゲオHD,東証1部
2685-T,アダストリア,東証1部
2686-T,ジーフット,東証1部
2687-T,シーヴイエス,東証1部
2692-T,伊藤忠食,東証1部
2695-T,くらコーポ,東証1部
2698-T,キャンドゥ,東証1部
2715-T,エレマテック,東証1部
2726-T,パルGHD,東証1部
2729-T,JALUX,東証1部
2730-T,エディオン,東証1部
2733-T,あらた,東証1部
2734-T,サーラ,東証1部
2735-T,ワッツ,東証1部
2737-T,トーメンデバ,東証1部
2742-T,ハローズ,東証1部
2749-T,JPHD,東証1部
2753-T,あみやき,東証1部
2760-T,東エレデバ,東証1部
2764-T,ひらまつ,東証1部
2767-T,フィールズ,東証1部
2768-T,双日,東証1部
2772-T,ゲンキー,東証1部
2784-T,アルフレッサHD,東証1部
2791-T,大黒天,東証1部
2792-T,ハニーズHLD,東証1部
2796-T,ファーマライズ,東証1部
2801-T,キッコーマン,東証1部
2802-T,味の素,東証1部
2809-T,キユーピー,東証1部
2810-T,ハウス食G,東証1部
2811-T,カゴメ,東証1部
2812-T,焼津水,東証1部
2815-T,アリアケ,東証1部
2818-T,ピエトロ,東証1部
2819-T,エバラ食品,東証1部
2871-T,ニチレイ,東証1部
2874-T,ヨコレイ,東証1部
2875-T,東洋水産,東証1部
2882-T,イートアンド,東証1部
2883-T,大冷,東証1部
2884-T,ヨシムラフード,東証1部
2897-T,日清食HD,東証1部
2899-T,永谷園HD,東証1部
2904-T,一正蒲,東証1部
2908-T,フジッコ,東証1部
2910-T,ロックフィール,東証1部
2914-T,JT,東証1部
2915-T,ケンコーマヨ,東証1部
2918-T,わらべや,東証1部
2922-T,なとり,東証1部
2924-T,イフジ産業,東証1部
2930-T,北の達人,東証1部
2931-T,ユーグレナ,東証1部
3001-T,片倉,東証1部
3002-T,グンゼ,東証1部
3003-T,ヒューリック,東証1部
3004-T,神栄,東証1部
3022-T,山下医,東証1部
3023-T,ラサ商事,東証1部
3028-T,アルペン,東証1部
3031-T,ラクーン,東証1部
3034-T,クオール,東証1部
3036-T,アルコニックス,東証1部
3038-T,神戸物産,東証1部
3046-T,JIN,東証1部
3048-T,ビックカメラ,東証1部
3050-T,DCM,東証1部
3064-T,MonotaRO,東証1部
3067-T,東京一番,東証1部
3073-T,ダイヤD,東証1部
3076-T,あいHD,東証1部
3079-T,DVx,東証1部
3082-T,きちり,東証1部
3085-T,ALサービスH,東証1部
3086-T,Jフロント,東証1部
3087-T,ドトル日レス,東証1部
3088-T,マツモトキヨシ,東証1部
3091-T,ブロンコB,東証1部
3092-T,スタートトゥ,東証1部
3093-T,トレファク,東証1部
3097-T,物語コーポ,東証1部
3098-T,ココカラファイン,東証1部
3099-T,ミツコシイセタン,東証1部
3101-T,東洋紡,東証1部
3103-T,ユニチカ,東証1部
3104-T,富士紡HD,東証1部
3105-T,日清紡HD,東証1部
3106-T,クラボウ,東証1部
3107-T,ダイワボHD,東証1部
3109-T,シキボウ,東証1部
3110-T,日東紡,東証1部
3116-T,トヨタ紡織,東証1部
3132-T,マクニカ富士,東証1部
3134-T,Hamee,東証1部
3141-T,ウエルシアHD,東証1部
3148-T,クリエイトSDH,東証1部
3151-T,バイタルKSK,東証1部
3153-T,八洲電機,東証1部
3154-T,メディアスHD,東証1部
3156-T,UKCHD,東証1部
3159-T,丸善CHI,東証1部
3166-T,OCHI･HD,東証1部
3167-T,TOKAIHD,東証1部
3169-T,ミサワ,東証1部
3172-T,ティーライフ,東証1部
3173-T,大阪工機,東証1部
3175-T,APC,東証1部
3176-T,三洋貿易,東証1部
3178-T,チムニー,東証1部
3179-T,シュッピン,東証1部
3180-T,Bガレージ,東証1部
3183-T,ウインパートナ,東証1部
3186-T,ネクステージ,東証1部
3191-T,ジョイ本田,東証1部
3193-T,鳥貴族,東証1部
3194-T,キリン堂HD,東証1部
3196-T,ホットランド,東証1部
3197-T,すかい,東証1部
3199-T,綿半HD,東証1部
3201-T,ニッケ,東証1部
3202-T,ダイトウボウ,東証1部
3204-T,トーア紡,東証1部
3205-T,ダイドリミ,東証1部
3221-T,ヨシックス,東証1部
3222-T,U.S.M.H,東証1部
3228-T,三栄建築,東証1部
3231-T,野村不HD,東証1部
3232-T,三交GHD,東証1部
3244-T,サムティ,東証1部
3245-T,ディア･ライフ,東証1部
3250-T,ADワークス,東証1部
3252-T,日商開発,東証1部
3254-T,プレサンス,東証1部
3258-T,ユニゾHD,東証1部
3271-T,グロバル社,東証1部
3276-T,日本管理,東証1部
3277-T,サンセイランデ,東証1部
3280-T,エストラスト,東証1部
3284-T,フージャース,東証1部
3288-T,オープンハウス,東証1部
3289-T,東急不HD,東証1部
3291-T,飯田GHD,東証1部
3299-T,ムゲンエステト,東証1部
3302-T,帝繊維,東証1部
3313-T,ブックオフ,東証1部
3315-T,日本コークス,東証1部
3319-T,GDO,東証1部
3321-T,ミタチ,東証1部
3328-T,BEENOS,東証1部
3333-T,あさひ,東証1部
3341-T,日本調剤,東証1部
3349-T,コスモス薬品,東証1部
3360-T,シップHD,東証1部
3361-T,トーエル,東証1部
3366-T,一六堂,東証1部
3371-T,ソフトクリエHD,東証1部
3376-T,オンリー,東証1部
3382-T,7&I-HD,東証1部
3385-T,薬王堂,東証1部
3387-T,クリレスHD,東証1部
3388-T,明治電機,東証1部
3391-T,ツルハHD,東証1部
3392-T,デリカフーズ,東証1部
3393-T,スターティア,東証1部
3395-T,サンマルクHD,東証1部
3396-T,フェリシモ,東証1部
3397-T,トリドールHD,東証1部
3401-T,帝人,東証1部
3402-T,東レ,東証1部
3405-T,クラレ,東証1部
3407-T,旭化成,東証1部
3408-T,サカイオーベ,東証1部
3415-T,トウキョベース,東証1部
3421-T,稲葉製作,東証1部
3431-T,宮地エンジ,東証1部
3433-T,トーカロ,東証1部
3434-T,アルファCo,東証1部
3436-T,SUMCO,東証1部
3443-T,川田TECH,東証1部
3445-T,RSTECH,東証1部
3454-T,Fブラザース,東証1部
3457-T,ハウスドゥ,東証1部
3458-T,シーアールイー,東証1部
3465-T,ケイアイスター,東証1部
3501-T,住江織,東証1部
3512-T,日フエルト,東証1部
3513-T,イチカワ,東証1部
3521-T,エコナックHD,東証1部
3524-T,日東網,東証1部
3526-T,芦森工,東証1部
3529-T,アツギ,東証1部
3543-T,コメダ,東証1部
3544-T,サツドラHD,東証1部
3546-T,ダイユーリック,東証1部
3548-T,バロック,東証1部
3549-T,クスリのアオキ,東証1部
3551-T,ダイニック,東証1部
3553-T,共和レザ,東証1部
3563-T,スシローGHD,東証1部
3569-T,セーレン,東証1部
3571-T,ソトー,東証1部
3577-T,東海染,東証1部
3580-T,小松精,東証1部
3591-T,ワコールHD,東証1部
3593-T,ホギメディ,東証1部
3606-T,レナウン,東証1部
3607-T,クラウディア,東証1部
3608-T,TSIHD,東証1部
3626-T,TIS,東証1部
3627-T,ネオス,東証1部
3630-T,電算システム,東証1部
3632-T,グリー,東証1部
3635-T,コーエーテクモ,東証1部
3636-T,三菱総研,東証1部
3639-T,ボルテージ,東証1部
3640-T,電算,東証1部
3648-T,AGS,東証1部
3649-T,ファインデクス,東証1部
3654-T,ヒトコム,東証1部
3655-T,ブレインP,東証1部
3656-T,KLab,東証1部
3657-T,ポールHD,東証1部
3658-T,イーブック,東証1部
3659-T,ネクソン,東証1部
3660-T,アイスタイル,東証1部
3661-T,エムアップ,東証1部
3662-T,エイチーム,東証1部
3666-T,テクノスJPN,東証1部
3667-T,enish,東証1部
3668-T,コロプラ,東証1部
3669-T,モバクリ,東証1部
3672-T,オルトプラス,東証1部
3673-T,ブロドリーフ,東証1部
3676-T,HUG,東証1部
3678-T,メディアドゥ,東証1部
3681-T,ブイキューブ,東証1部
3683-T,サイバリンクス,東証1部
3686-T,DLE,東証1部
3687-T,フィックスタース,東証1部
3688-T,VOYAGE,東証1部
3694-T,オプティム,東証1部
3696-T,セレス,東証1部
3708-T,特種東海,東証1部
3724-T,ベリサーブ,東証1部
3738-T,ティーガイア,東証1部
3751-T,日本アG,東証1部
3756-T,豆蔵,東証1部
3762-T,テクマトリックス,東証1部
3765-T,ガンホー,東証1部
3769-T,GMOPG,東証1部
3770-T,ザッパラス,東証1部
3771-T,システムリサーチ,東証1部
3774-T,IIJ,東証1部
3778-T,さくら,東証1部
3788-T,GMOクラウド,東証1部
3817-T,SRAHD,東証1部
3822-T,Minori,東証1部
3826-T,システムインテ,東証1部
3834-T,朝日ネット,東証1部
3837-T,アドソル,東証1部
3843-T,フリービット,東証1部
3844-T,コムチュア,東証1部
3852-T,サイバーコム,東証1部
3861-T,王子HD,東証1部
3863-T,日本紙,東証1部
3864-T,三菱紙,東証1部
3865-T,北越紀州,東証1部
3877-T,中越パル,東証1部
3878-T,巴川紙,東証1部
3880-T,大王紙,東証1部
3896-T,阿波製紙,東証1部
3902-T,MDV,東証1部
3903-T,gumi,東証1部
3909-T,ショーケースTV,東証1部
3916-T,DIT,東証1部
3918-T,PCIHD,東証1部
3919-T,パイプドH,東証1部
3920-T,アイビーシー,東証1部
3926-T,オープンドア,東証1部
3938-T,LINE,東証1部
3941-T,レンゴー,東証1部
3946-T,トーモク,東証1部
3950-T,ザ･パック,東証1部
3964-T,オークネット,東証1部
3975-T,AOITYOHD,東証1部
3978-T,マクロミル,東証1部
4004-T,昭電工,東証1部
4005-T,住友化,東証1部
4008-T,住精化,東証1部
4021-T,日産化,東証1部
4022-T,ラサ工,東証1部
4023-T,クレハ,東証1部
4025-T,多木化,東証1部
4027-T,テイカ,東証1部
4028-T,石原産,東証1部
4031-T,片倉コープ,東証1部
4033-T,日東エフシー,東証1部
4041-T,日曹達,東証1部
4042-T,東ソー,東証1部
4043-T,トクヤマ,東証1部
4044-T,セ硝子,東証1部
4045-T,東亜合成,東証1部
4046-T,大阪ソーダ,東証1部
4047-T,関電化,東証1部
4061-T,デンカ,東証1部
4062-T,イビデン,東証1部
4063-T,信越化,東証1部
4064-T,カーバイド,東証1部
4078-T,堺化学,東証1部
4088-T,エア･ウォーター,東証1部
4091-T,大陽日酸,東証1部
4092-T,日本化,東証1部
4095-T,パーカライ,東証1部
4097-T,高圧ガス,東証1部
4098-T,チタン工,東証1部
4099-T,四国化,東証1部
4100-T,戸田工,東証1部
4109-T,ステラケミファ,東証1部
4112-T,保土谷,東証1部
4114-T,日触媒,東証1部
4116-T,大日精,東証1部
4118-T,カネカ,東証1部
4151-T,協和キリン,東証1部
4182-T,三菱ガス,東証1部
4183-T,三井化学,東証1部
4185-T,JSR,東証1部
4186-T,応化工,東証1部
4187-T,大有機,東証1部
4188-T,三菱ケミHD,東証1部
4189-T,KHネオケム,東証1部
4202-T,ダイセル,東証1部
4203-T,住友ベ,東証1部
4204-T,積水化,東証1部
4205-T,ゼオン,東証1部
4206-T,アイカ工,東証1部
4208-T,宇部興,東証1部
4212-T,積水樹,東証1部
4215-T,タキロン,東証1部
4216-T,旭有機材,東証1部
4217-T,日立化成,東証1部
4218-T,ニチバン,東証1部
4220-T,リケンテクノス,東証1部
4221-T,大倉工,東証1部
4228-T,積化成,東証1部
4229-T,群栄化,東証1部
4231-T,タイガポリ,東証1部
4238-T,ミライアル,東証1部
4245-T,ダイキアクシス,東証1部
4246-T,DNC,東証1部
4272-T,日化薬,東証1部
4275-T,カーリットHD,東証1部
4282-T,EPS,東証1部
4284-T,ソルクシーズ,東証1部
4286-T,レッグス,東証1部
4290-T,PI,東証1部
4295-T,フェイス,東証1部
4299-T,ハイマックス,東証1部
4301-T,アミューズ,東証1部
4307-T,NRI,東証1部
4310-T,DI,東証1部
4312-T,サイバネット,東証1部
4318-T,クイック,東証1部
4319-T,TAC,東証1部
4320-T,CEHD,東証1部
4321-T,ケネディクス,東証1部
4324-T,電通,東証1部
4326-T,インテージHD,東証1部
4331-T,T&Gニーズ,東証1部
4333-T,東邦システム,東証1部
4337-T,ぴあ,東証1部
4343-T,ファンタジー,東証1部
4344-T,ソースネクスト,東証1部
4345-T,シーティーエス,東証1部
4346-T,ネクシィーズG,東証1部
4350-T,メディカルシス,東証1部
4362-T,日精化,東証1部
4368-T,扶桑化学,東証1部
4401-T,ADEKA,東証1部
4403-T,日油,東証1部
4404-T,ミヨシ,東証1部
4406-T,日理化,東証1部
4410-T,ハリマ化成G,東証1部
4452-T,花王,東証1部
4461-T,一工薬,東証1部
4463-T,日華化学,東証1部
4465-T,ニイタカ,東証1部
4471-T,三洋化,東証1部
4502-T,武田,東証1部
4503-T,アステラス薬,東証1部
4506-T,大日住薬,東証1部
4507-T,塩野義,東証1部
4508-T,田辺三菱,東証1部
4512-T,ワカモト,東証1部
4514-T,あすか薬,東証1部
4516-T,日本新薬,東証1部
4517-T,ビオフェル,東証1部
4519-T,中外薬,東証1部
4521-T,科研薬,東証1部
4523-T,エーザイ,東証1部
4526-T,理ビタミン,東証1部
4527-T,ロート,東証1部
4528-T,小野薬,東証1部
4530-T,久光薬,東証1部
4531-T,有機薬,東証1部
4534-T,持田薬,東証1部
4536-T,参天薬,東証1部
4538-T,扶桑薬,東証1部
4539-T,日ケミファ,東証1部
4540-T,ツムラ,東証1部
4541-T,日医工,東証1部
4543-T,テルモ,東証1部
4544-T,みらかHD,東証1部
4547-T,キッセイ薬,東証1部
4548-T,生化学,東証1部
4549-T,栄研化,東証1部
4550-T,日水薬,東証1部
4551-T,鳥居薬,東証1部
4552-T,JCRファーマ,東証1部
4553-T,東和薬品,東証1部
4554-T,富士製薬,東証1部
4555-T,沢井製薬,東証1部
4559-T,ゼリア新薬,東証1部
4568-T,第一三共,東証1部
4569-T,キョーリンHD,東証1部
4574-T,大幸薬品,東証1部
4577-T,ダイト,東証1部
4578-T,大塚HD,東証1部
4581-T,大正薬HD,東証1部
4587-T,ペプチド,東証1部
4611-T,大日塗,東証1部
4612-T,日ペイントH,東証1部
4613-T,関西ペ,東証1部
4615-T,神東塗,東証1部
4617-T,中国塗,東証1部
4619-T,日特塗,東証1部
4620-T,藤倉化,東証1部
4626-T,太陽HD,東証1部
4631-T,DIC,東証1部
4633-T,サカタインクス,東証1部
4634-T,洋インキHD,東証1部
4636-T,T&KTOKA,東証1部
4641-T,アルプス技,東証1部
4651-T,サニックス,東証1部
4653-T,ダイオーズ,東証1部
4658-T,日本空調,東証1部
4661-T,OLC,東証1部
4662-T,フォーカスS,東証1部
4665-T,ダスキン,東証1部
4666-T,パーク24,東証1部
4668-T,明光ネット,東証1部
4671-T,ファルコHD,東証1部
4674-T,クレスコ,東証1部
4676-T,フジHD,東証1部
4678-T,秀英,東証1部
4679-T,田谷,東証1部
4680-T,ラウンドワン,東証1部
4681-T,リゾートトラス,東証1部
4684-T,オービック,東証1部
4686-T,ジャストシステ,東証1部
4687-T,TDCソフト,東証1部
4689-T,ヤフー,東証1部
4694-T,BML,東証1部
4696-T,ワタベ,東証1部
4704-T,トレンド,東証1部
4708-T,りらいあ,東証1部
4709-T,ID,東証1部
4714-T,リソー教育,東証1部
4716-T,日本オラクル,東証1部
4718-T,早稲アカ,東証1部
4719-T,アルファシステム,東証1部
4722-T,フューチャー,東証1部
4725-T,CACHD,東証1部
4726-T,ソフトバンテク,東証1部
4728-T,トーセ,東証1部
4732-T,ユー･エス･エス,東証1部
4733-T,OBC,東証1部
4739-T,CTC,東証1部
4743-T,ITFOR,東証1部
4745-T,東京個別,東証1部
4746-T,東計電算,東証1部
4751-T,サイバエージ,東証1部
4755-T,楽天,東証1部
4762-T,エックスネット,東証1部
4763-T,クリーク&リバ,東証1部
4767-T,TOW,東証1部
4768-T,大塚商,東証1部
4775-T,総合メディ,東証1部
4776-T,サイボウズ,東証1部
4779-T,ソフトブレーン,東証1部
4801-T,セントラルSP,東証1部
4809-T,パラカ,東証1部
4812-T,ISID,東証1部
4819-T,Dガレージ,東証1部
4820-T,EMシステムズ,東証1部
4825-T,WNIウェザー,東証1部
4826-T,CIJ,東証1部
4828-T,東洋BENG,東証1部
4829-T,日本エンタ,東証1部
4839-T,WOWOW,東証1部
4845-T,スカラ,東証1部
4848-T,フルキャストHD,東証1部
4901-T,富士フイルム,東証1部
4902-T,コニカミノルタ,東証1部
4911-T,資生堂,東証1部
4912-T,ライオン,東証1部
4914-T,高砂香,東証1部
4917-T,マンダム,東証1部
4919-T,ミルボン,東証1部
4921-T,ファンケル,東証1部
4922-T,コーセー,東証1部
4923-T,コタ,東証1部
4924-T,シーズHD,東証1部
4926-T,シーボン,東証1部
4927-T,ポーラオルHD,東証1部
4928-T,ノエビアHD,東証1部
4929-T,アジュバン,東証1部
4951-T,エステー,東証1部
4955-T,アグロカネシ,東証1部
4956-T,コニシ,東証1部
4958-T,長谷川香,東証1部
4963-T,星光PMC,東証1部
4967-T,小林製薬,東証1部
4968-T,荒川化学,東証1部
4971-T,メック,東証1部
4973-T,高純度化,東証1部
4974-T,タカラバイオ,東証1部
4975-T,JCU,東証1部
4977-T,ニッタゼラチン,東証1部
4979-T,OATアグリオ,東証1部
4980-T,デクセリアルス,東証1部
4985-T,アース製薬,東証1部
4989-T,イハラケミカル,東証1部
4992-T,北興化,東証1部
4994-T,大成ラミック,東証1部
4996-T,クミアイ化,東証1部
4997-T,日農薬,東証1部
5002-T,昭和シェル,東証1部
5009-T,富士興,東証1部
5011-T,ニチレキ,東証1部
5013-T,ユシロ化,東証1部
5015-T,BPカストロール,東証1部
5017-T,富士石油,東証1部
5018-T,MORESCO,東証1部
5019-T,出光興産,東証1部
5020-T,JX,東証1部
5021-T,コスモエネHD,東証1部
5101-T,浜ゴム,東証1部
5105-T,洋ゴム,東証1部
5108-T,ブリヂストン,東証1部
5110-T,住友ゴム,東証1部
5121-T,藤倉ゴム,東証1部
5122-T,オカモト,東証1部
5142-T,アキレス,東証1部
5185-T,フコク,東証1部
5186-T,ニッタ,東証1部
5187-T,クリエート,東証1部
5191-T,住友理工,東証1部
5192-T,三星ベ,東証1部
5195-T,バンドー,東証1部
5201-T,旭硝子,東証1部
5202-T,板硝子,東証1部
5204-T,石塚硝,東証1部
5208-T,有沢製,東証1部
5210-T,日山村硝,東証1部
5214-T,日電硝,東証1部
5218-T,オハラ,東証1部
5232-T,住阪セメ,東証1部
5233-T,太平洋セメ,東証1部
5261-T,リソル,東証1部
5262-T,日ヒューム,東証1部
5269-T,日本コン,東証1部
5273-T,三谷セキ,東証1部
5288-T,アジアパイル,東証1部
5301-T,東海カ,東証1部
5302-T,日カーボン,東証1部
5310-T,東洋炭素,東証1部
5331-T,ノリタケ,東証1部
5332-T,TOTO,東証1部
5333-T,ガイシ,東証1部
5334-T,特殊陶,東証1部
5337-T,ダントーHD,東証1部
5344-T,MARUWA,東証1部
5351-T,品川リフラ,東証1部
5352-T,黒崎播磨,東証1部
5357-T,ヨータイ,東証1部
5358-T,イソライト,東証1部
5363-T,TYK,東証1部
5367-T,ニッカトー,東証1部
5384-T,フジミインコ,東証1部
5391-T,A&AM,東証1部
5393-T,ニチアス,東証1部
5401-T,新日鉄住,東証1部
5406-T,神戸鋼,東証1部
5408-T,中山鋼,東証1部
5410-T,合同鉄,東証1部
5411-T,JFEHD,東証1部
5413-T,日新製鋼,東証1部
5423-T,東製鉄,東証1部
5440-T,共英製鋼,東証1部
5444-T,大和工,東証1部
5445-T,東京鉄,東証1部
5449-T,大阪製鉄,東証1部
5451-T,淀川鋼,東証1部
5453-T,洋鋼鈑,東証1部
5463-T,丸一管,東証1部
5464-T,モリ工業,東証1部
5471-T,大特鋼,東証1部
5476-T,高周波,東証1部
5480-T,冶金工,東証1部
5481-T,山特鋼,東証1部
5482-T,愛知鋼,東証1部
5486-T,日立金,東証1部
5491-T,日金属,東証1部
5541-T,大平金,東証1部
5563-T,新日電工,東証1部
5602-T,栗本鉄,東証1部
5603-T,虹技,東証1部
5612-T,鋳鉄管,東証1部
5631-T,日製鋼,東証1部
5632-T,菱製鋼,東証1部
5658-T,日亜鋼,東証1部
5659-T,日精線,東証1部
5702-T,大紀アルミ,東証1部
5703-T,日軽金HD,東証1部
5706-T,三井金,東証1部
5707-T,東邦鉛,東証1部
5711-T,三菱マ,東証1部
5713-T,住友鉱,東証1部
5714-T,DOWA,東証1部
5715-T,古河機,東証1部
5721-T,S･サイエンス,東証1部
5726-T,大阪チタ,東証1部
5727-T,邦チタニウム,東証1部
5741-T,UACJ,東証1部
5801-T,古河電,東証1部
5802-T,住友電,東証1部
5803-T,フジクラ,東証1部
5805-T,昭電線HD,東証1部
5807-T,東特線,東証1部
5809-T,タツタ線,東証1部
5815-T,沖電線,東証1部
5819-T,カナレ電気,東証1部
5821-T,平河ヒューテ,東証1部
5851-T,リョービ,東証1部
5852-T,アーレスティ,東証1部
5857-T,アサヒHD,東証1部
5901-T,洋缶HD,東証1部
5902-T,ホッカンHD,東証1部
5909-T,コロナ,東証1部
5911-T,横河ブHD,東証1部
5912-T,OSJBHD,東証1部
5915-T,駒井ハルテク,東証1部
5923-T,高田機,東証1部
5929-T,三和HD,東証1部
5930-T,文化シヤタ,東証1部
5932-T,三協立山,東証1部
5933-T,アルインコ,東証1部
5936-T,洋シヤタ,東証1部
5938-T,LIXILG,東証1部
5942-T,日フイルコン,東証1部
5943-T,ノーリツ,東証1部
5946-T,長府製,東証1部
5947-T,リンナイ,東証1部
5949-T,ユニプレス,東証1部
5951-T,ダイニチ工,東証1部
5957-T,日東精,東証1部
5958-T,三洋工,東証1部
5959-T,岡部,東証1部
5970-T,ジーテクト,東証1部
5974-T,中国工,東証1部
5975-T,東プレ,東証1部
5976-T,ネツレン,東証1部
5981-T,東京綱,東証1部
5985-T,サンコール,東証1部
5986-T,モリテック,東証1部
5988-T,パイオラックス,東証1部
5989-T,エイチワン,東証1部
5991-T,ニッパツ,東証1部
5992-T,中発条,東証1部
5998-T,アドバネクス,東証1部
6005-T,三浦工,東証1部
6013-T,タクマ,東証1部
6028-T,テクノプロHD,東証1部
6029-T,アトラ,東証1部
6032-T,インターワークス,東証1部
6036-T,KeePer技,東証1部
6037-T,ファーストロジ,東証1部
6048-T,デザインワン,東証1部
6050-T,EG,東証1部
6054-T,リブセンス,東証1部
6055-T,Jマテリアル,東証1部
6058-T,ベクトル,東証1部
6059-T,ウチヤマHD,東証1部
6065-T,サクセスHD,東証1部
6070-T,キャリアリンク,東証1部
6071-T,IBJ,東証1部
6073-T,アサンテ,東証1部
6077-T,N･フィールド,東証1部
6078-T,バリューHR,東証1部
6080-T,M&Aキャピ,東証1部
6082-T,ライドオンEX,東証1部
6083-T,ERIHD,東証1部
6087-T,アビスト,東証1部
6089-T,ウィルG,東証1部
6093-T,エスクローAJ,東証1部
6097-T,日ビュホテル,東証1部
6098-T,リクルートHD,東証1部
6099-T,エラン,東証1部
6101-T,ツガミ,東証1部
6103-T,オークマ,東証1部
6104-T,東芝機,東証1部
6113-T,アマダHD,東証1部
6118-T,アイダ,東証1部
6121-T,滝澤鉄,東証1部
6134-T,フジキカイ,東証1部
6135-T,牧野フ,東証1部
6136-T,OSG,東証1部
6138-T,ダイジェト,東証1部
6140-T,旭ダイヤ,東証1部
6141-T,DMG森精,東証1部
6143-T,ソディック,東証1部
6146-T,ディスコ,東証1部
6151-T,日東工器,東証1部
6165-T,パンチ,東証1部
6171-T,土木管理,東証1部
6178-T,日本郵政,東証1部
6183-T,ベル24HD,東証1部
6186-T,一蔵,東証1部
6187-T,LITALICO,東証1部
6191-T,エボラブルA,東証1部
6197-T,ソラスト,東証1部
6201-T,豊田織機,東証1部
6203-T,豊和工,東証1部
6205-T,OKK,東証1部
6208-T,石川製,東証1部
6210-T,東洋機械,東証1部
6217-T,津田駒,東証1部
6218-T,エンシュウ,東証1部
6222-T,島精機,東証1部
6236-T,NCHD,東証1部
6238-T,フリュー,東証1部
6240-T,ヤマシンフィルタ,東証1部
6247-T,日阪製,東証1部
6250-T,やまびこ,東証1部
6262-T,ペガサス,東証1部
6268-T,ナブテスコ,東証1部
6269-T,三井海洋,東証1部
6272-T,レオン自機,東証1部
6273-T,SMC,東証1部
6274-T,新川,東証1部
6277-T,ホソカワミクロ,東証1部
6278-T,ユニオンツール,東証1部
6282-T,オイレス工,東証1部
6284-T,ASB機械,東証1部
6287-T,サトーHD,東証1部
6291-T,エアーテック,東証1部
6293-T,日樹工,東証1部
6294-T,オカタアイヨン,東証1部
6298-T,ワイエイシイ,東証1部
6301-T,コマツ,東証1部
6302-T,住友重,東証1部
6305-T,日立建,東証1部
6306-T,日工,東証1部
6309-T,巴工業,東証1部
6310-T,井関農,東証1部
6315-T,TOWA,東証1部
6316-T,丸山製,東証1部
6317-T,北川鉄,東証1部
6319-T,シンニッタン,東証1部
6323-T,ローツェ,東証1部
6325-T,タカキタ,東証1部
6326-T,クボタ,東証1部
6328-T,荏原実業,東証1部
6330-T,洋エンジ,東証1部
6331-T,化工機,東証1部
6332-T,月島機,東証1部
6333-T,帝国電機,東証1部
6335-T,東京機,東証1部
6339-T,新東工,東証1部
6340-T,渋谷工,東証1部
6345-T,アイチコーポ,東証1部
6349-T,小森,東証1部
6351-T,鶴見製,東証1部
6355-T,住友精,東証1部
6358-T,酒井重,東証1部
6361-T,荏原,東証1部
6362-T,石井鉄,東証1部
6363-T,酉島製,東証1部
6364-T,北越工,東証1部
6366-T,千代建,東証1部
6367-T,ダイキン,東証1部
6368-T,オルガノ,東証1部
6369-T,トーヨーカネツ,東証1部
6370-T,栗田工,東証1部
6371-T,椿本チ,東証1部
6373-T,大同工,東証1部
6376-T,日機装,東証1部
6378-T,木村化,東証1部
6379-T,新興プラン,東証1部
6381-T,アネスト岩田,東証1部
6383-T,ダイフク,東証1部
6387-T,サムコ,東証1部
6390-T,加藤製,東証1部
6393-T,油研工,東証1部
6395-T,タダノ,東証1部
6406-T,フジテック,東証1部
6407-T,CKD,東証1部
6409-T,キトー,東証1部
6412-T,平和,東証1部
6413-T,理想科,東証1部
6417-T,SANKYO,東証1部
6418-T,金銭機,東証1部
6419-T,マース,東証1部
6420-T,福島工業,東証1部
6428-T,オーイズミ,東証1部
6430-T,ダイコク電,東証1部
6432-T,竹内製作,東証1部
6436-T,アマノ,東証1部
6440-T,JUKI,東証1部
6444-T,サンデンHD,東証1部
6445-T,蛇の目,東証1部
6448-T,ブラザー,東証1部
6454-T,マックス,東証1部
6455-T,モリタHD,東証1部
6457-T,グローリー,東証1部
6458-T,シンコウ工,東証1部
6459-T,大和冷,東証1部
6460-T,セガサミーHD,東証1部
6461-T,日ピストン,東証1部
6462-T,リケン,東証1部
6463-T,TPR,東証1部
6464-T,ツバキナカシマ,東証1部
6465-T,ホシザキ,東証1部
6470-T,大豊工業,東証1部
6471-T,日精工,東証1部
6472-T,NTN,東証1部
6473-T,ジェイテクト,東証1部
6474-T,不二越,東証1部
6479-T,ミネベアミツミ,東証1部
6480-T,日トムソン,東証1部
6481-T,THK,東証1部
6482-T,ユーシン精機,東証1部
6485-T,前澤給,東証1部
6486-T,イーグル,東証1部
6489-T,前沢工,東証1部
6490-T,日ピラー,東証1部
6498-T,キッツ,東証1部
6501-T,日立,東証1部
6502-T,東芝,東証1部
6503-T,三菱電,東証1部
6504-T,富士電機,東証1部
6505-T,東洋電,東証1部
6506-T,安川電,東証1部
6507-T,シンフォニア,東証1部
6508-T,明電舎,東証1部
6513-T,オリジン,東証1部
6516-T,山洋電,東証1部
6517-T,デンヨー,東証1部
6581-T,日立工,東証1部
6584-T,三桜工,東証1部
6586-T,マキタ,東証1部
6588-T,東芝テック,東証1部
6590-T,芝浦メカ,東証1部
6592-T,マブチ,東証1部
6594-T,日電産,東証1部
6615-T,UMCエレ,東証1部
6617-T,東光高岳,東証1部
6619-T,WSCOPE,東証1部
6620-T,宮越HD,東証1部
6622-T,ダイヘン,東証1部
6624-T,田淵電,東証1部
6630-T,ヤーマン,東証1部
6632-T,JVCKW,東証1部
6638-T,Mimaki,東証1部
6640-T,第一精工,東証1部
6641-T,日新電,東証1部
6644-T,大崎電,東証1部
6645-T,オムロン,東証1部
6651-T,日東工,東証1部
6652-T,IDEC,東証1部
6654-T,不二電機,東証1部
6674-T,GSユアサ,東証1部
6675-T,サクサ,東証1部
6676-T,メルコ,東証1部
6678-T,テクノメディカ,東証1部
6701-T,NEC,東証1部
6702-T,富士通,東証1部
6703-T,OKI,東証1部
6704-T,岩崎通,東証1部
6706-T,電気興,東証1部
6707-T,サンケン電,東証1部
6715-T,ナカヨ,東証1部
6718-T,アイホン,東証1部
6723-T,ルネサス,東証1部
6724-T,エプソン,東証1部
6727-T,ワコム,東証1部
6728-T,アルバック,東証1部
6730-T,アクセル,東証1部
6737-T,EIZO,東証1部
6740-T,JDI,東証1部
6741-T,日信号,東証1部
6742-T,京三製,東証1部
6744-T,能美防,東証1部
6745-T,ホーチキ,東証1部
6750-T,エレコム,東証1部
6751-T,日無線,東証1部
6752-T,パナソニック,東証1部
6754-T,アンリツ,東証1部
6755-T,富通ゼネ,東証1部
6756-T,日立国際,東証1部
6758-T,ソニー,東証1部
6762-T,TDK,東証1部
6763-T,帝通工,東証1部
6768-T,タムラ製,東証1部
6770-T,アルプス,東証1部
6771-T,池上通,東証1部
6773-T,パイオニア,東証1部
6779-T,日電波,東証1部
6785-T,鈴木,東証1部
6788-T,日本トリム,東証1部
6789-T,ローランドDG,東証1部
6791-T,コロムビア,東証1部
6794-T,フォスタ電,東証1部
6796-T,クラリオン,東証1部
6798-T,SMK,東証1部
6800-T,ヨコオ,東証1部
6803-T,ティアック,東証1部
6804-T,ホシデン,東証1部
6806-T,ヒロセ電,東証1部
6807-T,航空電,東証1部
6809-T,TOA,東証1部
6810-T,日立マクセル,東証1部
6814-T,古野電,東証1部
6815-T,ユニデンHD,東証1部
6816-T,アルパイン,東証1部
6817-T,スミダコーポ,東証1部
6820-T,アイコム,東証1部
6823-T,リオン,東証1部
6826-T,本多通信,東証1部
6839-T,船井電機,東証1部
6841-T,横河電,東証1部
6844-T,新電元,東証1部
6845-T,アズビル,東証1部
6848-T,東亜DKK,東証1部
6849-T,日光電,東証1部
6850-T,チノー,東証1部
6853-T,共和電,東証1部
6855-T,電子材料,東証1部
6856-T,堀場製,東証1部
6857-T,アドバンテ,東証1部
6858-T,小野測,東証1部
6859-T,エスペック,東証1部
6861-T,キーエンス,東証1部
6866-T,日置電,東証1部
6869-T,シスメックス,東証1部
6871-T,マイクロニクス,東証1部
6875-T,メガチップス,東証1部
6877-T,OBARA-G,東証1部
6879-T,イマジカロボ,東証1部
6901-T,沢藤電,東証1部
6902-T,デンソー,東証1部
6905-T,コーセル,東証1部
6908-T,イリソ電子,東証1部
6911-T,新日無,東証1部
6914-T,オプテックスG,東証1部
6915-T,千代インテ,東証1部
6916-T,アイオデータ,東証1部
6920-T,レーザーテク,東証1部
6923-T,スタンレ電,東証1部
6924-T,岩崎電,東証1部
6925-T,ウシオ電,東証1部
6926-T,OKAYA,東証1部
6927-T,ヘリオステクノH,東証1部
6929-T,日セラミ,東証1部
6932-T,遠藤照,東証1部
6937-T,古河池,東証1部
6938-T,双信電,東証1部
6941-T,山一電,東証1部
6947-T,図研,東証1部
6951-T,日電子,東証1部
6952-T,カシオ,東証1部
6954-T,ファナック,東証1部
6958-T,日本CMK,東証1部
6961-T,エンプラス,東証1部
6962-T,大真空,東証1部
6963-T,ローム,東証1部
6965-T,ホトニクス,東証1部
6966-T,三井ハイテ,東証1部
6967-T,新電工,東証1部
6971-T,京セラ,東証1部
6973-T,協栄産,東証1部
6976-T,太陽誘電,東証1部
6981-T,村田製,東証1部
6985-T,ユーシン,東証1部
6986-T,双葉電,東証1部
6988-T,日東電,東証1部
6989-T,北電工,東証1部
6995-T,東海理化,東証1部
6996-T,ニチコン,東証1部
6997-T,日ケミコン,東証1部
6999-T,KOA,東証1部
7003-T,三井造,東証1部
7004-T,日立造,東証1部
7011-T,三菱重,東証1部
7012-T,川重,東証1部
7013-T,IHI,東証1部
7014-T,名村造,東証1部
7022-T,サノヤスHD,東証1部
7102-T,日車輌,東証1部
7105-T,ニチユ三菱,東証1部
7122-T,近畿車,東証1部
7148-T,FPG,東証1部
7150-T,島根銀行,東証1部
7161-T,じもとHD,東証1部
7164-T,全国保証,東証1部
7167-T,めぶきFG,東証1部
7173-T,東京TYFG,東証1部
7180-T,九州FG,東証1部
7181-T,かんぽ,東証1部
7182-T,ゆうちょ,東証1部
7184-T,富山第一,東証1部
7186-T,コンコルディア,東証1部
7189-T,西日本FH,東証1部
7201-T,日産自,東証1部
7202-T,いすゞ,東証1部
7203-T,トヨタ,東証1部
7205-T,日野自,東証1部
7211-T,三菱自,東証1部
7212-T,エフテック,東証1部
7213-T,レシップHD,東証1部
7214-T,GMB,東証1部
7215-T,ファルテック,東証1部
7220-T,武蔵精密,東証1部
7222-T,産車体,東証1部
7224-T,新明和,東証1部
7226-T,極東開,東証1部
7230-T,日信工業,東証1部
7231-T,トピー,東証1部
7236-T,ティラド,東証1部
7238-T,曙ブレーキ,東証1部
7239-T,タチエス,東証1部
7240-T,NOK,東証1部
7241-T,フタバ,東証1部
7242-T,KYB,東証1部
7244-T,市光工,東証1部
7245-T,大同メタ,東証1部
7246-T,プレス工,東証1部
7247-T,ミクニ,東証1部
7248-T,カルソカンセ,東証1部
7250-T,太平洋,東証1部
7251-T,ケーヒン,東証1部
7256-T,河西工,東証1部
7259-T,アイシン精,東証1部
7260-T,富士キコウ,東証1部
7261-T,マツダ,東証1部
7266-T,今仙電機,東証1部
7267-T,ホンダ,東証1部
7269-T,スズキ,東証1部
7270-T,富士重,東証1部
7271-T,安永,東証1部
7272-T,ヤマハ発,東証1部
7274-T,ショーワ,東証1部
7276-T,小糸製,東証1部
7277-T,TBK,東証1部
7278-T,エクセディ,東証1部
7280-T,ミツバ,東証1部
7282-T,豊田合,東証1部
7283-T,愛三工,東証1部
7284-T,盟和産,東証1部
7294-T,ヨロズ,東証1部
7296-T,エフ･シー･シー,東証1部
7305-T,新家工,東証1部
7309-T,シマノ,東証1部
7312-T,タカタ,東証1部
7313-T,TSテック,東証1部
7408-T,ジャムコ,東証1部
7414-T,小野建,東証1部
7416-T,はるやま,東証1部
7419-T,ノジマ,東証1部
7420-T,佐鳥電機,東証1部
7421-T,カッパ･クリエ,東証1部
7427-T,エコトレディン,東証1部
7433-T,伯東,東証1部
7438-T,コンドーテック,東証1部
7442-T,中山福,東証1部
7445-T,ライトオン,東証1部
7447-T,ナガイレーベ,東証1部
7448-T,ジンズメイト,東証1部
7451-T,三菱食品,東証1部
7453-T,良品計画,東証1部
7455-T,三城HD,東証1部
7456-T,松田産業,東証1部
7458-T,第一興商,東証1部
7459-T,メディパル,東証1部
7463-T,アドヴァン,東証1部
7466-T,SPK,東証1部
7467-T,萩原電気,東証1部
7475-T,アルビス,東証1部
7476-T,アズワン,東証1部
7480-T,スズデン,東証1部
7481-T,尾家産業,東証1部
7482-T,シモジマ,東証1部
7483-T,ドウシシャ,東証1部
7487-T,小津産業,東証1部
7494-T,コナカ,東証1部
7504-T,高速,東証1部
7506-T,ハウスローゼ,東証1部
7508-T,GセブンHD,東証1部
7510-T,たけびし,東証1部
7512-T,イオン北海,東証1部
7513-T,コジマ,東証1部
7514-T,ヒマラヤ,東証1部
7516-T,コーナン商事,東証1部
7517-T,黒田電気,東証1部
7518-T,ネットワン,東証1部
7520-T,エコス,東証1部
7522-T,ワタミ,東証1部
7524-T,マルシェ,東証1部
7525-T,リックス,東証1部
7527-T,システムソフト,東証1部
7532-T,ドンキホーテH,東証1部
7537-T,丸文,東証1部
7545-T,西松屋チェ,東証1部
7550-T,ゼンショーHD,東証1部
7552-T,ハピネット,東証1部
7554-T,幸楽苑HD,東証1部
7561-T,ハークスレイ,東証1部
7570-T,橋本総HD,東証1部
7575-T,日本ライフL,東証1部
7581-T,サイゼリヤ,東証1部
7591-T,エクセル,東証1部
7593-T,VTHD,東証1部
7594-T,マルカキカイ,東証1部
7595-T,アルゴグラフ,東証1部
7596-T,魚力,東証1部
7599-T,IDOM,東証1部
7600-T,日本MDM,東証1部
7601-T,ポプラ,東証1部
7605-T,フジコーポ,東証1部
7606-T,Uアローズ,東証1部
7607-T,進和,東証1部
7608-T,エスケイ,東証1部
7609-T,ダイトロン,東証1部
7611-T,ハイデ日高,東証1部
7613-T,シークス,東証1部
7615-T,京都友禅,東証1部
7616-T,コロワイド,東証1部
7618-T,PCDEPOT,東証1部
7619-T,田中商事,東証1部
7628-T,オーハシテクニカ,東証1部
7630-T,壱番屋,東証1部
7637-T,白銅,東証1部
7640-T,トップカルチャ,東証1部
7646-T,PLANT,東証1部
7649-T,スギHD,東証1部
7701-T,島津製,東証1部
7702-T,JMS,東証1部
7709-T,クボテック,東証1部
7715-T,長野計器,東証1部
7717-T,Vテクノロジー,東証1部
7718-T,スター精,東証1部
7721-T,東京計器,東証1部
7723-T,愛時計,東証1部
7725-T,インタアクション,東証1部
7727-T,オーバル,東証1部
7729-T,東京精,東証1部
7730-T,マニー,東証1部
7731-T,ニコン,東証1部
7732-T,トプコン,東証1部
7733-T,オリンパス,東証1部
7734-T,理計器,東証1部
7735-T,スクリン,東証1部
7739-T,キヤノン電,東証1部
7740-T,タムロン,東証1部
7741-T,HOYA,東証1部
7743-T,シード,東証1部
7744-T,ノーリツ鋼機,東証1部
7745-T,A&D,東証1部
7751-T,キヤノン,東証1部
7752-T,リコー,東証1部
7762-T,シチズン,東証1部
7769-T,リズム,東証1部
7775-T,大研医器,東証1部
7780-T,メニコン,東証1部
7816-T,スノーピーク,東証1部
7817-T,パラベッド,東証1部
7818-T,トランザクショ,東証1部
7819-T,SHO-BI,東証1部
7820-T,ニホンフラッシュ,東証1部
7821-T,前田工繊,東証1部
7822-T,永大産業,東証1部
7823-T,アートネイチャー,東証1部
7825-T,ダンロップス,東証1部
7832-T,バンナムHD,東証1部
7833-T,IFIS,東証1部
7838-T,共立印刷,東証1部
7839-T,SHOEI,東証1部
7840-T,フラベッドH,東証1部
7844-T,マーベラス,東証1部
7846-T,パイロット,東証1部
7856-T,萩原工業,東証1部
7860-T,エイベックス,東証1部
7862-T,トッパン･F,東証1部
7864-T,フジシール,東証1部
7867-T,タカラトミー,東証1部
7868-T,広済堂,東証1部
7872-T,Aエステール,東証1部
7873-T,アーク,東証1部
7874-T,レック,東証1部
7885-T,タカノ,東証1部
7893-T,プロネクサス,東証1部
7897-T,ホクシン,東証1部
7898-T,ウッドワン,東証1部
7905-T,大建工,東証1部
7908-T,KIMOTO,東証1部
7911-T,凸版印,東証1部
7912-T,大日印,東証1部
7913-T,図書印,東証1部
7914-T,共同印,東証1部
7915-T,日写印,東証1部
7916-T,光村印,東証1部
7917-T,藤森工,東証1部
7918-T,ヴィアHD,東証1部
7921-T,宝印刷,東証1部
7925-T,前澤化,東証1部
7936-T,アシックス,東証1部
7937-T,ツツミ,東証1部
7942-T,JSP,東証1部
7943-T,ニチハ,東証1部
7947-T,エフピコ,東証1部
7949-T,小松ウオル,東証1部
7951-T,ヤマハ,東証1部
7952-T,河合楽,東証1部
7955-T,クリナップ,東証1部
7956-T,ピジョン,東証1部
7958-T,天馬,東証1部
7961-T,兼松サステク,東証1部
7962-T,キングジム,東証1部
7966-T,リンテック,東証1部
7968-T,TASAKI,東証1部
7970-T,信越ポリ,東証1部
7971-T,東リ,東証1部
7972-T,イトーキ,東証1部
7974-T,任天堂,東証1部
7976-T,菱鉛筆,東証1部
7979-T,松風,東証1部
7981-T,タカラスタン,東証1部
7984-T,コクヨ,東証1部
7987-T,ナカバヤシ,東証1部
7988-T,ニフコ,東証1部
7989-T,ブラインド,東証1部
7990-T,グローブライ,東証1部
7994-T,岡村製,東証1部
7995-T,日バルカー,東証1部
7999-T,MUTOH-HD,東証1部
8001-T,伊藤忠,東証1部
8002-T,丸紅,東証1部
8005-T,スクロール,東証1部
8007-T,高島,東証1部
8008-T,4℃HD,東証1部
8011-T,三陽商,東証1部
8012-T,長瀬産,東証1部
8013-T,ナイガイ,東証1部
8014-T,蝶理,東証1部
8015-T,豊通商,東証1部
8016-T,オンワードHD,東証1部
8018-T,三共興,東証1部
8020-T,兼松,東証1部
8022-T,ミズノ,東証1部
8025-T,ツカモト,東証1部
8028-T,ユニー･ファミマ,東証1部
8029-T,ルック,東証1部
8031-T,三井物,東証1部
8032-T,紙パル商,東証1部
8035-T,東エレク,東証1部
8036-T,日立ハイテク,東証1部
8037-T,カメイ,東証1部
8038-T,東都水,東証1部
8041-T,OUGHD,東証1部
8043-T,スターゼン,東証1部
8050-T,セイコーHD,東証1部
8051-T,山善,東証1部
8052-T,椿本興,東証1部
8053-T,住友商,東証1部
8056-T,日ユニシス,東証1部
8057-T,内田洋,東証1部
8058-T,三菱商,東証1部
8059-T,第一実,東証1部
8060-T,キヤノンMJ,東証1部
8061-T,西華産,東証1部
8065-T,佐藤商,東証1部
8068-T,菱洋エレク,東証1部
8070-T,東京産,東証1部
8074-T,ユアサ商,東証1部
8075-T,神鋼商,東証1部
8077-T,小林産,東証1部
8078-T,阪和興,東証1部
8081-T,カナデン,東証1部
8084-T,菱電商,東証1部
8086-T,ニプロ,東証1部
8087-T,フルサト,東証1部
8088-T,岩谷産,東証1部
8089-T,すてきN,東証1部
8090-T,昭光商,東証1部
8091-T,ニチモウ,東証1部
8093-T,極東貿,東証1部
8095-T,イワキ,東証1部
8096-T,兼松エレク,東証1部
8097-T,三愛石,東証1部
8098-T,稲畑産,東証1部
8101-T,GSIクレオス,東証1部
8103-T,明和産,東証1部
8107-T,キムラタン,東証1部
8111-T,Gウイン,東証1部
8113-T,ユニチャーム,東証1部
8114-T,デサント,東証1部
8118-T,キング,東証1部
8125-T,ワキタ,東証1部
8127-T,ヤマトインタ,東証1部
8129-T,東邦HD,東証1部
8130-T,サンゲツ,東証1部
8131-T,ミツウロコGHD,東証1部
8132-T,シナネンHD,東証1部
8133-T,エネクス,東証1部
8136-T,サンリオ,東証1部
8137-T,サンワテクノス,東証1部
8140-T,リョーサン,東証1部
8141-T,新光商,東証1部
8142-T,トーホー,東証1部
8150-T,三信電,東証1部
8151-T,東陽テク,東証1部
8153-T,モスフード,東証1部
8154-T,加賀電,東証1部
8155-T,三益半,東証1部
8158-T,ソーダニッカ,東証1部
8159-T,立花エレテ,東証1部
8160-T,木曽路,東証1部
8163-T,サトRS,東証1部
8165-T,千趣会,東証1部
8166-T,タカキュー,東証1部
8168-T,ケーヨー,東証1部
8173-T,上新電,東証1部
8174-T,日ガス,東証1部
8175-T,ベスト電,東証1部
8179-T,ロイヤルHD,東証1部
8181-T,東天紅,東証1部
8182-T,いなげや,東証1部
8184-T,島忠,東証1部
8185-T,チヨダ,東証1部
8194-T,ライフコーポ,東証1部
8200-T,リンガハット,東証1部
8201-T,さが美,東証1部
8203-T,MrMax,東証1部
8207-T,テンアライド,東証1部
8214-T,AOKIHD,東証1部
8217-T,オークワ,東証1部
8218-T,コメリ,東証1部
8219-T,青山商,東証1部
8227-T,しまむら,東証1部
8230-T,はせがわ,東証1部
8233-T,高島屋,東証1部
8237-T,松屋,東証1部
8242-T,H2Oリテイル,東証1部
8244-T,近鉄百,東証1部
8245-T,丸栄,東証1部
8251-T,パルコ,東証1部
8252-T,丸井G,東証1部
8253-T,クレセゾン,東証1部
8255-T,アクシアル,東証1部
8260-T,井筒屋,東証1部
8267-T,イオン,東証1部
8273-T,イズミ,東証1部
8274-T,東武ストア,東証1部
8275-T,フォーバル,東証1部
8276-T,平和堂,東証1部
8278-T,フジ,東証1部
8279-T,ヤオコー,東証1部
8281-T,ゼビオHD,東証1部
8282-T,ケーズHD,東証1部
8283-T,PALTAC,東証1部
8285-T,三谷産,東証1部
8289-T,OlympicG,東証1部
8291-T,日産東HD,東証1部
8303-T,新生銀,東証1部
8304-T,あおぞら,東証1部
8306-T,三菱UFJ,東証1部
8308-T,りそなHD,東証1部
8309-T,三住トラスト,東証1部
8316-T,三井住友,東証1部
8324-T,第四銀,東証1部
8325-T,北越銀,東証1部
8331-T,千葉銀,東証1部
8334-T,群馬銀,東証1部
8336-T,武蔵銀,東証1部
8337-T,千葉興,東証1部
8338-T,筑波銀行,東証1部
8341-T,七十七,東証1部
8342-T,青森銀,東証1部
8343-T,秋田銀,東証1部
8344-T,山形銀,東証1部
8345-T,岩手銀,東証1部
8346-T,東邦銀,東証1部
8349-T,東北銀,東証1部
8350-T,みち銀,東証1部
8354-T,ふくおか,東証1部
8355-T,静岡銀,東証1部
8356-T,十六銀,東証1部
8358-T,スルガ銀,東証1部
8359-T,八十二,東証1部
8360-T,山梨銀,東証1部
8361-T,大垣銀,東証1部
8362-T,福井銀,東証1部
8363-T,北国銀,東証1部
8364-T,清水銀,東証1部
8365-T,富山銀,東証1部
8366-T,滋賀銀,東証1部
8367-T,南都銀,東証1部
8368-T,百五銀,東証1部
8369-T,京都銀,東証1部
8370-T,紀陽銀行,東証1部
8374-T,三重銀,東証1部
8377-T,ほくほく,東証1部
8379-T,広島銀,東証1部
8381-T,山合銀,東証1部
8382-T,中国銀,東証1部
8383-T,鳥取銀,東証1部
8385-T,伊予銀,東証1部
8386-T,百十四,東証1部
8387-T,四国銀,東証1部
8388-T,阿波銀,東証1部
8392-T,大分銀,東証1部
8393-T,宮崎銀,東証1部
8395-T,佐賀銀,東証1部
8396-T,十八銀,東証1部
8397-T,沖縄銀,東証1部
8399-T,琉球銀,東証1部
8410-T,セブン銀行,東証1部
8411-T,みずほ,東証1部
8416-T,高知銀行,東証1部
8418-T,山口FG,東証1部
8423-T,アクリーティブ,東証1部
8424-T,芙蓉リース,東証1部
8425-T,興銀リース,東証1部
8439-T,東センチュリー,東証1部
8473-T,SBI,東証1部
8511-T,日証金,東証1部
8515-T,アイフル,東証1部
8518-T,アジア投資,東証1部
8519-T,ポケットC,東証1部
8521-T,長野銀,東証1部
8522-T,名銀,東証1部
8524-T,北洋銀行,東証1部
8527-T,愛知銀,東証1部
8529-T,第三銀,東証1部
8530-T,中京銀,東証1部
8537-T,大光銀,東証1部
8541-T,愛媛銀,東証1部
8542-T,トマト銀,東証1部
8543-T,みなと銀,東証1部
8544-T,京葉銀,東証1部
8545-T,関西ア銀,東証1部
8550-T,栃木銀,東証1部
8551-T,北日銀,東証1部
8558-T,東和銀,東証1部
8562-T,福島銀,東証1部
8563-T,大東銀,東証1部
8566-T,リコーリース,東証1部
8570-T,イオンFS,東証1部
8572-T,アコム,東証1部
8584-T,ジャックス,東証1部
8585-T,オリコ,東証1部
8586-T,日立キャピ,東証1部
8589-T,アプラスF,東証1部
8591-T,オリックス,東証1部
8593-T,三菱Uリース,東証1部
8595-T,ジャフコ,東証1部
8600-T,トモニHD,東証1部
8601-T,大和証G,東証1部
8604-T,野村HD,東証1部
8609-T,岡三,東証1部
8613-T,丸三証,東証1部
8614-T,東洋証,東証1部
8616-T,東海東京,東証1部
8617-T,光世証,東証1部
8622-T,水戸証,東証1部
8624-T,いちよし,東証1部
8628-T,松井証,東証1部
8630-T,SOMPOHD,東証1部
8692-T,だいこう,東証1部
8697-T,JPX,東証1部
8698-T,マネックスG,東証1部
8703-T,KABU.COM,東証1部
8706-T,極東証券,東証1部
8707-T,岩井コスモ,東証1部
8708-T,アイザワ証,東証1部
8713-T,フィデアHD,東証1部
8714-T,池田泉州,東証1部
8715-T,アニコムHD,東証1部
8725-T,MS&AD,東証1部
8729-T,ソニーFH,東証1部
8732-T,マネパG,東証1部
8742-T,小林洋行,東証1部
8750-T,第一生命,東証1部
8766-T,東京海上,東証1部
8771-T,Eギャランティ,東証1部
8772-T,アサックス,東証1部
8793-T,NECキャピ,東証1部
8795-T,T&DHD,東証1部
8798-T,アドバンスク,東証1部
8801-T,三井不,東証1部
8802-T,菱地所,東証1部
8803-T,平和不,東証1部
8804-T,東建物,東証1部
8806-T,ダイビル,東証1部
8818-T,京阪神ビ,東証1部
8830-T,住友不,東証1部
8835-T,太平発,東証1部
8840-T,大京,東証1部
8841-T,テーオーシー,東証1部
8842-T,楽天地,東証1部
8848-T,レオパレス21,東証1部
8850-T,スターツ,東証1部
8860-T,フジ住,東証1部
8864-T,空港施設,東証1部
8869-T,明和地所,東証1部
8870-T,住不販売,東証1部
8871-T,ゴールドクレ,東証1部
8876-T,リログループ,東証1部
8877-T,エスリード,東証1部
8881-T,日神不動,東証1部
8892-T,日本エスコン,東証1部
8897-T,タカラレーベン,東証1部
8904-T,サンヨーナゴヤ,東証1部
8905-T,イオンモール,東証1部
8917-T,ファースト住,東証1部
8918-T,ランド,東証1部
8920-T,東祥,東証1部
8923-T,トーセイ,東証1部
8928-T,穴吹興産,東証1部
8933-T,NTT都市,東証1部
8934-T,サンフロンティア,東証1部
8935-T,FJネクスト,東証1部
8940-T,インテリックス,東証1部
8944-T,ランビジネス,東証1部
8999-T,グランディ,東証1部
9001-T,東武,東証1部
9003-T,相鉄HD,東証1部
9005-T,東急,東証1部
9006-T,京急,東証1部
9007-T,小田急,東証1部
9008-T,京王,東証1部
9009-T,京成,東証1部
9010-T,富士急,東証1部
9014-T,新京成,東証1部
9020-T,JR東日本,東証1部
9021-T,JR西日本,東証1部
9022-T,JR東海,東証1部
9024-T,西武HD,東証1部
9025-T,鴻池運輸,東証1部
9031-T,西鉄,東証1部
9037-T,ハマキョウ,東証1部
9039-T,サカイ引越,東証1部
9041-T,近鉄GHD,東証1部
9042-T,阪急阪神,東証1部
9044-T,南海電,東証1部
9045-T,京阪HD,東証1部
9046-T,神電鉄,東証1部
9048-T,名鉄,東証1部
9052-T,山陽電,東証1部
9058-T,トランコム,東証1部
9062-T,日通,東証1部
9064-T,ヤマトHD,東証1部
9065-T,山九,東証1部
9066-T,日新,東証1部
9067-T,丸運,東証1部
9068-T,丸全運,東証1部
9069-T,センコー,東証1部
9070-T,トナミHD,東証1部
9072-T,ニッコンHD,東証1部
9074-T,日石輸,東証1部
9075-T,福山運,東証1部
9076-T,セイノーHD,東証1部
9081-T,神奈交,東証1部
9086-T,日立物,東証1部
9090-T,丸和運輸,東証1部
9099-T,C&FロジHD,東証1部
9101-T,郵船,東証1部
9104-T,商船三井,東証1部
9107-T,川崎船,東証1部
9110-T,ユナイテド海,東証1部
9115-T,明治海,東証1部
9119-T,飯野海,東証1部
9130-T,共栄タ,東証1部
9142-T,JR九州,東証1部
9201-T,JAL,東証1部
9202-T,ANA,東証1部
9232-T,パスコ,東証1部
9301-T,三菱倉,東証1部
9302-T,三井倉HD,東証1部
9303-T,住友倉,東証1部
9304-T,渋沢倉,東証1部
9305-T,ヤマタネ,東証1部
9306-T,東陽倉,東証1部
9308-T,乾汽船,東証1部
9310-T,トランシィ,東証1部
9312-T,ケイヒン,東証1部
9319-T,中央倉,東証1部
9324-T,安田倉庫,東証1部
9351-T,洋埠頭,東証1部
9358-T,宇徳,東証1部
9364-T,上組,東証1部
9366-T,サンリツ,東証1部
9368-T,キムラユニティー,東証1部
9369-T,キユソー流通,東証1部
9370-T,郵船ロジ,東証1部
9375-T,近鉄エクス,東証1部
9380-T,東海運,東証1部
9381-T,AIT,東証1部
9384-T,内外トランス,東証1部
9401-T,TBSHD,東証1部
9404-T,日テレHD,東証1部
9405-T,朝日放,東証1部
9409-T,テレ朝HD,東証1部
9412-T,スカパーJ,東証1部
9413-T,テレ東HD,東証1部
9414-T,BS11,東証1部
9416-T,ビジョン,東証1部
9418-T,U-NEXT,東証1部
9419-T,ワイヤレスG,東証1部
9422-T,コネクシオ,東証1部
9424-T,日本通信,東証1部
9428-T,クロップス,東証1部
9432-T,NTT,東証1部
9433-T,KDDI,東証1部
9435-T,光通信,東証1部
9437-T,NTTドコモ,東証1部
9438-T,エムティーアイ,東証1部
9449-T,GMO,東証1部
9466-T,アイドマMC,東証1部
9468-T,カドカワ,東証1部
9470-T,学研HD,東証1部
9474-T,ゼンリン,東証1部
9475-T,昭文社,東証1部
9479-T,インプレス,東証1部
9501-T,東電力HD,東証1部
9502-T,中部電,東証1部
9503-T,関西電,東証1部
9504-T,中国電,東証1部
9505-T,北陸電,東証1部
9506-T,東北電,東証1部
9507-T,四国電,東証1部
9508-T,九州電,東証1部
9509-T,北海電,東証1部
9511-T,沖縄電,東証1部
9513-T,Jパワー,東証1部
9514-T,EF-ON,東証1部
9517-T,イーレックス,東証1部
9531-T,東ガス,東証1部
9532-T,大ガス,東証1部
9533-T,邦ガス,東証1部
9534-T,北ガス,東証1部
9535-T,広島ガス,東証1部
9536-T,西ガス,東証1部
9543-T,静岡ガス,東証1部
9551-T,メタウォーター,東証1部
9600-T,アイネット,東証1部
9601-T,松竹,東証1部
9602-T,東宝,東証1部
9603-T,エイチ･アイエス,東証1部
9605-T,東映,東証1部
9612-T,ラックランド,東証1部
9613-T,NTTデータ,東証1部
9616-T,共立メンテ,東証1部
9619-T,イチネンHD,東証1部
9621-T,建設技研,東証1部
9622-T,スペース,東証1部
9627-T,アインHD,東証1部
9628-T,燦HD,東証1部
9629-T,ピーシーエー,東証1部
9632-T,スバル興,東証1部
9633-T,テアトル,東証1部
9644-T,タナベ経,東証1部
9658-T,太田昭,東証1部
9663-T,ナガワ,東証1部
9671-T,よみラント,東証1部
9672-T,都競馬,東証1部
9675-T,常磐興,東証1部
9678-T,カナモト,東証1部
9681-T,ドーム,東証1部
9682-T,DTS,東証1部
9684-T,スクエニHD,東証1部
9692-T,シーイーシー,東証1部
9697-T,カプコン,東証1部
9699-T,西尾レント,東証1部
9702-T,アイエスビー,東証1部
9704-T,アゴーラHG,東証1部
9706-T,空港ビル,東証1部
9715-T,トランスコスモ,東証1部
9716-T,乃村工,東証1部
9717-T,ジャステック,東証1部
9719-T,SCSK,東証1部
9722-T,藤田観,東証1部
9726-T,KNTCT,東証1部
9728-T,日管財,東証1部
9729-T,トーカイ,東証1部
9731-T,白洋舎,東証1部
9735-T,セコム,東証1部
9739-T,NSW,東証1部
9740-T,CSP,東証1部
9742-T,アイネス,東証1部
9743-T,丹青社,東証1部
9744-T,メイテック,東証1部
9746-T,TKC,東証1部
9747-T,アサツーDK,東証1部
9749-T,富士ソフト,東証1部
9755-T,応用地,東証1部
9757-T,船総研HD,東証1部
9759-T,NSD,東証1部
9760-T,進学会,東証1部
9763-T,丸紅リース,東証1部
9765-T,オオバ,東証1部
9766-T,コナミHD,東証1部
9768-T,いであ,東証1部
9769-T,学究社,東証1部
9783-T,ベネッセHD,東証1部
9787-T,イオンディライ,東証1部
9788-T,ナック,東証1部
9790-T,福井コンピ,東証1部
9792-T,ニチイ学館,東証1部
9793-T,ダイセキ,東証1部
9795-T,ステップ,東証1部
9810-T,日鉄住物,東証1部
9828-T,元気寿司,東証1部
9830-T,Tナカヤマ,東証1部
9831-T,ヤマダ電,東証1部
9832-T,オートバクス,東証1部
9837-T,モリト,東証1部
9842-T,アークランド,東証1部
9843-T,ニトリHD,東証1部
9850-T,グルメ杵屋,東証1部
9854-T,愛眼,東証1部
9856-T,ケーユーHD,東証1部
9861-T,吉野家HD,東証1部
9869-T,加藤産業,東証1部
9880-T,イノテック,東証1部
9882-T,イエローハット,東証1部
9887-T,松屋フーズ,東証1部
9889-T,JBCCHD,東証1部
9896-T,JKHD,東証1部
9900-T,サガミチェン,東証1部
9902-T,日伝,東証1部
9919-T,関西スパ,東証1部
9928-T,ミロク情報,東証1部
9930-T,北沢産,東証1部
9932-T,杉本商,東証1部
9934-T,因幡電産,東証1部
9936-T,王将フード,東証1部
9945-T,プレナス,東証1部
9946-T,ミニストップ,東証1部
9948-T,アークス,東証1部
9956-T,バローHD,東証1部
9957-T,バイテックHD,東証1部
9962-T,ミスミG,東証1部
9966-T,藤久,東証1部
9972-T,アルテック,東証1部
9974-T,ベルク,東証1部
9979-T,大庄,東証1部
9982-T,タキヒヨー,東証1部
9983-T,ファーストリテイ,東証1部
9984-T,ソフトバンクG,東証1部
9986-T,蔵王産業,東証1部
9987-T,スズケン,東証1部
9989-T,サンドラッグ,東証1部
9990-T,サックスバーH,東証1部
9991-T,ジェコス,東証1部
9993-T,ヤマザワ,東証1部
9994-T,やまや,東証1部
9995-T,イーストン,東証1部
9997-T,ベルーナ,東証1部
